address,station_id,latitude,longitude,name,rf_mae,rf_mse,rf_rmse,rf_r2,rf_accuracy,15m_mae,15m_mse,15m_rmse,15m_r2,30m_mae,30m_mse,30m_rmse,30m_r2,45m_mae,45m_mse,45m_rmse,45m_r2,60m_mae,60m_mse,60m_rmse,60m_r2,90m_mae,90m_mse,90m_rmse,90m_r2,120m_mae,120m_mse,120m_rmse,120m_r2
Clarendon Row,1,53.340927,-6.262501,CLARENDON ROW,,,,,,,,,,,,,,,,,,,,,,,,,,,,,
Blessington Street,2,53.35677,-6.26814,BLESSINGTON STREET,0.415904086,1.219084903,1.104121779,0.947711075,0.742549547,0.7058987144754796,2.274992427838717,1.5083078027507242,0.8629435481074295,1.0988378899148723,4.711565943218231,2.170614185712936,0.715992479748825,1.5137861937539483,7.395286598367952,2.719427623300159,0.5539648215123152,1.8365982814128976,10.005911712541131,3.163212245888841,0.3961558597568304,2.415636291008442,14.665029935738534,3.8294947363508065,0.11391953120169808,2.983766487920672,19.714003794797502,4.440045472154255,-0.19263038108204955
Bolton Street,3,53.351181,-6.2698589999999985,BOLTON STREET,0.443880802,1.021001813,1.010446344,0.959904187,0.706440229,0.634370983721438,1.2176784469442716,1.1034846836020298,0.9604139287574548,0.967789042254778,2.5002701038107147,1.5812242421018958,0.9183029395206032,1.2797478044208432,3.9784532040172147,1.994606027268848,0.8693308674824106,1.5393044061463983,5.43289711968984,2.330857593181068,0.8206259684289023,1.9864819733479262,8.145354230878134,2.8540066977633627,0.7281876007526631,2.383263998067535,10.982022116234877,3.3139134141125166,0.6294898290122573
Greek Street,4,53.346874,-6.272976,GREEK STREET,0.327479968,0.8145351809999999,0.902516028,0.97233432,0.774982342,0.4461833144514092,0.8813026315988551,0.9387772001912142,0.9668312522485016,0.7184698927907478,1.71005117751235,1.3076892511267155,0.9357206599144984,0.9503145969697776,2.6111949345935077,1.6159192227934867,0.9019699046399212,1.1134930793621574,3.294627367999853,1.8151108417944768,0.8764667698024688,1.3745953990637358,4.713014022093331,2.170947724403637,0.8237254679520385,1.6346176249094897,6.163728344089688,2.48268571190348,0.7700434291366549
Charlemont Street,5,53.330662,-6.260177,CHARLEMONT PLACE,0.774871282,3.843024816,1.96036344,0.947620984,0.630365291,1.0501009170000501,4.344390016445543,2.0843200369534287,0.9279412560415524,1.6492974053703982,9.102798096301807,3.0170843701000156,0.8492092434891098,2.199337601346756,14.277093051602655,3.7785040759012896,0.7637994021024502,2.642109061944721,19.154987791983707,4.376641154125354,0.683507124707668,3.4296391817946468,28.48823162600329,5.337436802998543,0.5305085887806356,3.9910985757539432,36.9442653793296,6.078179446127731,0.3927225552695312
Christchurch Place,6,53.343369,-6.27012,CHRISTCHURCH PLACE,0.34374605700000005,0.7651838209999999,0.8747478609999999,0.95523635,0.7665968559999999,0.5911514665822374,0.9945904826693373,0.9972915735477448,0.9608142021876608,0.8931423393738116,1.977545735569572,1.4062523726449574,0.9220961565107081,1.1208174258023855,2.9342109987231564,1.7129538810847058,0.8844223311791756,1.3129872308750798,3.894849605518844,1.9735373331961177,0.8465998318175985,1.6885772436700293,5.760216748550911,2.40004515552331,0.7731775129583484,2.0240544526938082,7.910441845284343,2.8125507720367193,0.6885633586349966
High Street,7,53.34356700000001,-6.275071,HIGH STREET,0.324052989,1.266485467,1.125382365,0.965988874,0.80178261,0.467286171505964,0.9348103424317621,0.9668559057231652,0.9535565523771876,0.7921881224250004,2.040590667959941,1.4284924458883013,0.8987738826230206,1.044603576968808,3.213416274792766,1.7926004225127157,0.8408383494789688,1.2436871173240998,4.267064695392387,2.0656874631445064,0.7889747353941671,1.5660456578442004,6.138182593163661,2.4775355886775188,0.6973716319724146,1.9033299270864,8.202505146152289,2.8640015967440187,0.5968404122459788
Custom House Quay,8,53.347885,-6.248048000000002,CUSTOM HOUSE QUAY,0.5115250179999999,1.709002469,1.307288212,0.968409062,0.70501821,0.9276864157265698,2.668474551687246,1.6335466175433273,0.9471399986404554,1.4597627148516403,5.431316813512548,2.330518571801681,0.8925944791438774,1.863883901464524,7.813629961595447,2.7952870982415114,0.8457481424320058,2.1845342662065947,10.136961196092276,3.1838594812102303,0.8002254483996085,2.7371240737810805,14.683336447138693,3.8318841902044336,0.7116214711332671,3.230082518105013,19.198282882687376,4.381584517350701,0.6242480919626561
Exchequer Street,9,53.343033,-6.263578,EXCHEQUER STREET,0.951544858,4.909698344,2.215783912,0.908770741,0.5926792989999999,1.6453175476009083,9.170159892094617,3.028227186340981,0.7904565544043277,2.64094589633862,18.619019810996605,4.314976223688446,0.5744831562787291,3.4578001718866176,27.22054366303365,5.217331086200458,0.3778106113921745,4.0983071063059455,35.108306310395086,5.925226266599032,0.19738980188021804,4.9572309054617545,46.008120641599824,6.78292861834767,-0.05214787020885492,5.3005843460864766,52.17230545047329,7.22303990370213,-0.1935557687645129
Dame Street,10,53.34400600000001,-6.266801999999998,DAME STREET,0.5820742010000001,1.919799192,1.385568184,0.925139864,0.6749112279999999,0.8884713890610331,2.715762407214625,1.6479570404639268,0.8577010095038317,1.3614620260345365,5.708866354148157,2.3893234092830875,0.701388354263974,1.7606859254676843,8.253854737461412,2.8729522685665017,0.5690179369234827,2.0784814472006707,10.457594674794338,3.233820445663973,0.4548972461458849,2.4643789172224952,13.778869928183804,3.7119900226406592,0.284277603638039,2.7610808529555078,16.348829984282556,4.0433686431344045,0.15375364121679602
Earlsfort Terrace,11,53.334019,-6.258371,EARLSFORT TERRACE,0.15570045400000002,0.48340249,0.695271522,0.983566381,0.896784232,0.1349497014202589,0.2049472833467053,0.452711037359048,0.974050475612636,0.2315483732515059,0.39397821636553176,0.6276768407114698,0.9499001267428924,0.32493991694512153,0.5618281901917785,0.7495519929876636,0.928242195232234,0.4109559131557029,0.7899476605555026,0.8887899980059983,0.8986579774073927,0.5387410100895079,1.224307459105938,1.1064842787432354,0.8415077563338649,0.6462356823509521,1.6510804421259049,1.2849437505688353,0.7842678021547259
Eccles Street,12,53.359245,-6.269779,ECCLES STREET,0.35679984200000003,0.999851478,0.999925736,0.950211902,0.7717461259999999,0.5830976853705423,1.3453501290937635,1.1598922920227392,0.8857975630577813,0.9720883165843563,2.771484263202897,1.664777541656211,0.7648635605256278,1.284192135536387,4.12669956323367,2.0314279616155897,0.6500717615026557,1.5543996194259853,5.505045072940671,2.3462832465285755,0.5334407625223264,1.9893171811999573,7.8385734034628465,2.7997452390285167,0.33636999006801394,2.2763978619185767,9.310429049176298,3.0512995672624963,0.2125798100342351
Fitzwilliam Square West,13,53.336075,-6.252825,FITZWILLIAM SQUARE WEST,0.190134415,0.515267563,0.7178213999999999,0.979115451,0.8697692109999999,0.2500799007131805,0.3944548521785298,0.6280564084367979,0.969496424122087,0.4502323952810205,0.8650686414569865,0.9300906630307534,0.9329330400205652,0.6183221701417437,1.3723155906065576,1.1714587447309264,0.8933330510916286,0.7600312269013817,1.9481218416546169,1.3957513538071946,0.8481820153767881,0.9930068551855408,2.993467697083164,1.7301640665217748,0.7654771730977088,1.2358842285852665,4.19621211803985,2.0484657961605923,0.6694574711469679
Fownes Street Upper,14,53.344604,-6.263371,FOWNES STREET UPPER,,,,,,,,,,,,,,,,,,,,,,,,,,,,,
Hardwicke Street,15,53.355473,-6.264423000000002,HARDWICKE STREET,0.239936337,0.5394955929999999,0.734503637,0.967742443,0.830166503,0.4256799666978204,1.0307550206684089,1.0152610603526606,0.924959940709166,0.7460393060501057,2.142838723267298,1.463843817921604,0.8436593073165078,1.0273498716665208,3.3119007810895216,1.8198628467798117,0.7578323987407514,1.2721902064080466,4.451254090647728,2.1097995380243417,0.6737963804419969,1.6818057550837844,6.779519018739508,2.603750951750092,0.5009136435551067,2.013300177398424,8.803797078798471,2.967119323316552,0.3488738999141989
Georges Quay,16,53.34750699999999,-6.252192,GEORGES QUAY,0.264062271,0.748910755,0.8653963,0.971674877,0.826626524,0.3644694277619962,0.488569053546517,0.6989771480860566,0.9808423346008224,0.5979711271341821,0.9903119058259476,0.9951441633381304,0.9611965827196204,0.7993430662094533,1.5718031406349862,1.2537157335835691,0.9384570766079536,0.9753359038374548,2.1077843569664063,1.4518210485340146,0.9175313655601148,1.262171193209989,3.1229078333733646,1.7671750998057223,0.8779917710158875,1.5398900309772603,4.291388741451923,2.0715667359397147,0.8325836403038726
Golden Lane,17,53.340801,-6.267732,GOLDEN LANE,0.305276812,0.645968966,0.8037219459999999,0.967192219,0.782123452,0.48992259325225,0.8493857164388526,0.921621243482838,0.8905893895992437,0.7557021890301628,1.5684880652098416,1.2523929356275696,0.7979077550263759,0.920737404070017,2.0792761518062632,1.441969539139528,0.7320226932789655,1.0513182098061806,2.6567957372042597,1.629968017233547,0.6574965606348719,1.3106831507729608,3.8870149357141335,1.971551403264478,0.4986101798395646,1.4993720475719865,4.939057535646491,2.222399049596289,0.36251434794924575
Grantham Street,18,53.334122,-6.265436,GRANTHAM STREET,0.581165049,1.902718447,1.379390607,0.964670492,0.663834951,0.7089252726503498,1.4025780950598117,1.18430489953382,0.8847247620853742,1.0601207560489143,2.7650669069799148,1.662849033129561,0.7730975839258264,1.2931556288596089,3.9307571675475983,1.982613721214397,0.6779426841428213,1.4707108430713725,4.981681417547391,2.231968059257881,0.5924739664326348,1.7735801719183812,6.995726280306475,2.644943530646066,0.4295021218248476,2.0945434296331458,8.991838478790331,2.9986394379435373,0.2690167884270509
Herbert Place,19,53.334431,-6.245575,HERBERT PLACE,0.713328623,2.713231174,1.64718887,0.953183988,0.626257705,0.8426447576932286,2.0228192319754705,1.4222584968898837,0.9606572337052166,1.300204135574453,4.081285424026844,2.020219152475009,0.9205780202844108,1.6607909112323052,6.260704116595746,2.5021399074783455,0.8780990003751632,1.9844276714032203,8.754336964926354,2.9587728816058787,0.8294498252904807,2.5717374636614894,13.829957750254072,3.7188651158994825,0.7302552346626439,3.0642318305520435,18.984347463879786,4.357103104573012,0.6292769408776511
Leinster Street South,21,53.342178,-6.254485,LEINSTER STREET SOUTH,0.479984311,2.005147942,1.416032465,0.966782956,0.7435834579999999,0.6536060429855052,2.786551594199226,1.6692967364130402,0.9217865484231202,1.127892709362108,6.1274548858677855,2.4753696463089683,0.8281485780488262,1.536086666710211,9.482804716209454,3.0794162947236368,0.7342526232497704,1.9447187752211017,12.77644282308916,3.5744150322939783,0.6422317129076516,2.658347441017767,19.083781304256956,4.36849874719645,0.4664472433311003,3.2193552495687743,24.40394516145892,4.940034935246807,0.3187660759427614
Townsend Street,22,53.345921,-6.254614,TOWNSEND STREET,0.420319992,1.167408748,1.080466912,0.958181262,0.7372541340000001,0.5952962297136416,0.9817646643120832,0.9908403828629934,0.9230537421243638,0.9513189578458074,2.1046889464099428,1.4507546127481183,0.8350324655669944,1.177348893497436,3.1376497858956007,1.7713412392578685,0.7540491384036168,1.3591615193213598,4.1324004249623325,2.0328306434531958,0.6760466414716475,1.6762011535999044,6.228225937991631,2.495641388098785,0.5116562205493396,1.9657040933304408,8.159715381303913,2.856521552746261,0.3600744385950102
Custom House,23,53.348278,-6.2546620000000015,CUSTOM HOUSE,0.599888081,2.879832607,1.6970069559999998,0.947741253,0.697793241,0.8343651180413852,2.81686691213138,1.6783524397847371,0.9393606134304076,1.392214599807293,6.137152559388894,2.47732770528828,0.8673301537455367,1.8243451772423585,9.29407044791127,3.0486177930188743,0.7982325166159263,2.1985870360770963,12.07366936527563,3.474718602315248,0.7367624306568064,2.9676969552307058,18.677165830076014,4.3217086701993255,0.5892114502990435,3.6108983267234,25.153377580904003,5.015314305295732,0.441785359926669
Cathal Brugha Street,24,53.35215,-6.2605330000000015,CATHAL BRUGHA STREET,0.635145726,1.891721773,1.375398769,0.944793621,0.629953466,1.0193518626926703,2.5288980226264752,1.5902509307107715,0.9229885734402182,1.5171644898162036,4.736588291274464,2.17637043980901,0.8560092396052104,1.895982284101873,6.917352436256169,2.6300860130908585,0.7900805336235001,2.1733675392304517,8.671907332604002,2.9448102371127414,0.7372940301219966,2.6279021915576983,11.747968295253575,3.4275309327931054,0.6453506967822187,2.9604291383570533,13.964449639805801,3.7369037504069866,0.5799162623027874
Merrion Square East,25,53.339436,-6.2465480000000015,MERRION SQUARE EAST,0.295040208,0.847410219,0.920548868,0.976939535,0.812322062,0.3765004507474089,0.5509718750175833,0.7422747975093748,0.9762032371660057,0.6391115837578417,1.2226819917352223,1.105749515819574,0.9472791317576896,0.8711512728471325,2.0673487422425727,1.4378277860170086,0.9110057021241872,1.0834284199016124,3.0200793806511115,1.737837558764084,0.8702088733522033,1.434813297945413,5.093138019047969,2.256798178625632,0.7818451292364179,1.7753178050077605,7.411952696058637,2.72249016454764,0.6835827737081677
Merrion Square West,26,53.339764,-6.251988,MERRION SQUARE WEST,0.283892289,0.73627907,0.858067054,0.975289158,0.8125826190000001,0.5038556280777439,1.1212817243484945,1.0589059091101978,0.9632148926064076,0.85016962931353,2.3100252658704963,1.5198767271954974,0.9240212369271243,1.123376707508867,3.452357470208937,1.8580520633741504,0.8861526725296753,1.3608713344780528,4.601799415306574,2.1451805087932745,0.8478472044145042,1.786453602888169,7.029537335519461,2.651327466670132,0.7663257657950033,2.1246113944840768,9.329489620500253,3.0544213233442847,0.6881609851188326
Molesworth Street,27,53.34129,-6.258117,MOLESWORTH STREET,0.418384061,1.18860775,1.090232888,0.968491709,0.747488082,0.7306382719427424,1.781720529418874,1.3348110463353509,0.9575551458295212,1.2092050296722496,3.9098857962911935,1.9773431154686316,0.9067850243256664,1.6035603767664082,6.155802521748352,2.4810889790066684,0.8531250555078517,1.9553865089824607,8.636082857293681,2.938721296294305,0.7937819980196408,2.6096160125414185,14.517723773782365,3.8102130877133846,0.6527694104516979,3.171850163295893,21.452639135307262,4.631699378770956,0.4860370008655462
Mountjoy Square West,28,53.3563,-6.258586,MOUNTJOY SQUARE WEST,0.5650778089999999,2.570763387,1.60336003,0.953572244,0.7043009440000001,0.8085859385061922,3.0134825458442016,1.7359385201798485,0.9431366758915208,1.372225542433826,6.526733137970783,2.5547471769180574,0.8769574455689352,1.858868664672416,10.157089457958657,3.1870188982744763,0.8086956362943855,2.2782854554187275,13.539988815175445,3.6796723787825787,0.7452171314703011,2.9868190120754616,20.192372127246767,4.493592341017014,0.6207439449612937,3.6059665796316582,26.49867494647034,5.147686368308617,0.5032207144553065
Ormond Quay Upper,29,53.346058,-6.268001,ORMOND QUAY UPPER,0.6771308140000001,3.231755134,1.797708301,0.944679205,0.663088761,0.9838669570456092,3.84192130532293,1.9600819639298075,0.9470402114842091,1.5611652719978095,8.47855867952222,2.9117964694535603,0.8831936777615245,2.044070864094813,12.843591114886632,3.583795629620449,0.8231608763210918,2.415594479656571,16.766328235921097,4.094670711537265,0.7692836122110467,3.0210620489891533,23.75580515444149,4.873992732292641,0.6734794082943899,3.590164973988422,30.16564663255223,5.492326158610051,0.5858496036367123
Parnell Square North,30,53.353462,-6.2653050000000015,PARNELL SQUARE NORTH,0.250055623,0.678920175,0.823966125,0.943203238,0.8343180640000001,0.4744470607110986,1.2419135924550229,1.1144117697040994,0.9424984124333524,0.7447058302951003,2.45707035217575,1.5675044982952204,0.8863658972427484,0.97668920841924,3.454140763979092,1.858531884036185,0.8404365170539312,1.157519189030053,4.459331283476764,2.1117128790336923,0.7942379235895056,1.456630503750455,6.18937089865106,2.487844629121976,0.7150651442137935,1.6864962809764754,7.801415413665055,2.793101396953761,0.6416767917388306
Parnell Street,31,53.350929,-6.265125,PARNELL STREET,0.712884063,2.137337488,1.461963573,0.935907251,0.6028144320000001,0.9823732573498598,2.569218490800311,1.602878189632734,0.9376854978158984,1.4541837369675368,5.437175348320874,2.3317751496061696,0.8682822532260459,1.8442544307790532,8.373503709468075,2.89370069452044,0.7973900912249563,2.1896065169172494,11.28671360676951,3.359570449740489,0.727225902033432,2.695606175505926,15.523109126757555,3.939937705948859,0.6257363889444476,2.968775361966736,17.754074593619578,4.21355842413744,0.5729695790410596
Pearse Street,32,53.344303,-6.250426999999998,PEARSE STREET,0.4955605420000001,1.947116792,1.395391268,0.955616038,0.733656942,0.7001120609189055,2.2851479809906654,1.5116705927518288,0.957376032094104,1.1314248973744958,4.64106731293315,2.1543136524037423,0.9135758790435584,1.4739919650595,6.845364728735031,2.616364792748716,0.8727405463545795,1.8017822893169508,9.059337749791961,3.0098733777007896,0.8318623131198549,2.3648798887783893,13.06389577427551,3.614401163993216,0.7583493256568717,2.7923706472162504,16.663161199791297,4.082053551803466,0.6928047264454253
Princes Street / O'Connell Street,33,53.349014,-6.260311,PRINCES STREET / O'CONNELL STREET,1.023738945,5.804600799,2.409273915,0.8870293029999999,0.580538475,1.8275627334305125,9.662873067635266,3.1085162164021707,0.7930368823108733,2.8301690880894537,18.115053235791525,4.256178242953592,0.6125796634595615,3.6027673921240804,24.74021983969046,4.9739541453144165,0.4716745008998631,4.190339876896523,29.616397056735288,5.442094914344593,0.3684837073801371,4.7825751964609005,35.209619731352866,5.933769436989684,0.25145209882556696,4.982947639937981,37.207618517780254,6.099804793415954,0.21133524042173912
Portobello Harbour,34,53.33036,-6.2651629999999985,PORTOBELLO HARBOUR,0.8843001490000001,4.023927776,2.005973025,0.943746629,0.586230519,1.264142368862216,5.429760281169946,2.3301846023802377,0.9125375949396054,1.9844516971594424,11.024741517563386,3.3203526194612807,0.8227170256536653,2.539594783874761,16.47295316602774,4.058688601756452,0.7355602962104701,3.060569130945531,21.872531771414717,4.676807861289014,0.649482613136928,3.883303963897817,31.85327459191772,5.64387053288058,0.4912887083271856,4.560489171283822,40.43150661777333,6.35857740518847,0.35651437162561805
Smithfield,35,53.34769100000001,-6.278214,SMITHFIELD,,,,,,,,,,,,,,,,,,,,,,,,,,,,,
St. Stephen's Green East,36,53.337826,-6.256035,ST. STEPHEN'S GREEN EAST,0.332276809,1.105903957,1.051619683,0.979269702,0.798782482,0.4536078526549225,0.8622245761130454,0.928560485974417,0.9707641543735904,0.7633425670923827,1.802894628068181,1.3427191173392077,0.9387265866229928,0.9729143629715206,2.6709296654241657,1.6342979120785064,0.9090122970860429,1.1918830089126755,3.6393330426414976,1.9077036045050333,0.8757281439415902,1.6059184347425384,5.653322129458347,2.3776715772911845,0.8060215427288384,1.9329826096261076,7.531807958758825,2.74441395542998,0.7402840109264368
St. Stephen's Green South,37,53.33749399999999,-6.26199,ST. STEPHEN'S GREEN SOUTH,0.215428571,0.644645963,0.802898476,0.98276549,0.857714286,0.260500241480067,0.33893025232285884,0.5821771657518515,0.9906136242871778,0.43494059477983793,0.6689068188766305,0.8178672379284003,0.9814808526220556,0.5715143703552115,1.0116423256541125,1.0058043177746416,0.9720003964402362,0.7027845168838845,1.3207988058570557,1.1492601123579709,0.9634545878194596,0.9195862387556222,2.0076374081003814,1.41691122096636,0.9444825508785324,1.0589969575786675,2.7216495635486018,1.6497422718560018,0.9247802636294314
Talbot Street,38,53.350975,-6.25294,TALBOT STREET,0.6792347059999999,2.641944918,1.625406078,0.972966993,0.6263709479999999,0.8870016425415032,2.7059830832878324,1.6449872593086647,0.9716514143843956,1.394386486844465,6.1083869999504135,2.4715151223390097,0.9361135866409472,1.6908164197002096,9.053030960896137,3.00882551187272,0.9054741900131288,1.9823092432284048,11.866065202946338,3.4447155474648903,0.8763094952808331,2.510868304977596,17.738514302180608,4.211711564456974,0.8157151269661026,2.9384409198545685,22.97556153966539,4.793282960525634,0.7621098241876234
Wilton Terrace,39,53.332382,-6.252717,WILTON TERRACE,0.472733511,1.142373961,1.068818956,0.953892986,0.6967476290000001,0.7589422414771629,1.8310435728858987,1.3531605865106693,0.8999867536517075,1.1596174676335909,3.700703972072081,1.9237213862906657,0.7981432748946433,1.4920024548455604,5.69545946860698,2.386516178157395,0.6897677399793717,1.799747549670538,7.712279027062866,2.7770990308346706,0.5804927017910178,2.3009905445339083,11.593177516416006,3.4048755507971222,0.3711395174597505,2.703720438429753,14.928767220086756,3.863776290119131,0.1924528113103268
Jervis Street,40,53.348301,-6.266651,JERVIS STREET,0.583223055,2.005905994,1.416300107,0.949409042,0.687938048,1.0126169729900407,4.577225956480282,2.1394452450297208,0.8998193630427938,1.6453564935174871,9.25966216054618,3.042969299967744,0.7972655598712269,2.1253916389903007,13.510571028044266,3.675672867386904,0.7040892081236759,2.46578094523488,16.671477225503196,4.0830720328575145,0.6347252209656868,3.1148850487964364,23.574171944142428,4.855324082297949,0.4830951503526214,3.6188887057140464,28.586563095625888,5.346640355926876,0.3726927076721678
Harcourt Terrace,41,53.33276400000001,-6.257942,HARCOURT TERRACE,0.221625992,0.5084533960000001,0.713059181,0.97473543,0.843624424,0.22574953349483776,0.25622706139632456,0.5061887606380889,0.9841205409200724,0.3719382796256283,0.4593180466521796,0.6777300691663161,0.971524552913712,0.4771954023853292,0.6391329211300864,0.7994578920306474,0.960363227522057,0.5813036265090348,0.8240250461783475,0.9077582531590376,0.9488787669846008,0.7445563627950085,1.1642884301667924,1.0790219785374129,0.9277162702107644,0.8877555154283404,1.5440911752947126,1.24261465277644,0.90406269744073
Smithfield North,42,53.349564,-6.2781980000000015,SMITHFIELD NORTH,0.651693024,2.165712622,1.471636036,0.961626614,0.6360483170000001,0.8742613030412638,2.4382291787293844,1.5614830062249745,0.8972297735497625,1.3646754910255754,5.0198075976781436,2.240492713149977,0.7887768594530845,1.7658970524558602,7.605794139535702,2.757860427856294,0.6805084551503795,2.064946606707762,10.1864950943889,3.1916289092544727,0.5728320095907923,2.561949850950289,15.083748119048064,3.883780132686204,0.3696269588894594,3.0285412886419176,19.758498592679626,4.445053272198166,0.17709131475106898
Portobello Road,43,53.33009000000001,-6.2680440000000015,PORTOBELLO ROAD,0.65922507,2.717624195,1.648521821,0.955664066,0.660779789,0.9876157639343064,4.0935885522981135,2.0232618595471306,0.9410609412069626,1.5622248768617453,7.850203488216483,2.8018214590184867,0.8871152556009725,2.0232646348203445,11.669688108965847,3.4160925205511994,0.8324021496314835,2.4587367404470863,15.758818961685126,3.969737895842133,0.7739589895541328,3.2248824441406545,23.12280349834569,4.8086176286273465,0.6691650440394425,3.8505660056350943,30.073055399078807,5.4838905349285385,0.5708057611581687
Upper Sherrard Street,44,53.358437,-6.2606410000000015,UPPER SHERRARD STREET,0.820230775,3.547833117,1.883569249,0.961012107,0.6037874520000001,1.119931685018034,4.915452242566252,2.217081920580801,0.925317507383437,1.790617454490945,9.797611585330397,3.1301136697139924,0.8506923063902976,2.389475805174381,14.687257266309993,3.832395760658076,0.7754954790457609,2.9412822847393403,20.11574002904908,4.485057416471842,0.6915684247646223,3.8246885596621074,30.431953686633648,5.516516444880197,0.5304536266781228,4.5240739943589485,40.92263597712492,6.397080269710934,0.36451537831885306
Deverell Place,45,53.351463,-6.2552650000000005,DEVERELL PLACE,0.321863729,0.932400819,0.96560904,0.985789812,0.7853104590000001,0.4578085191684075,0.9531024095770892,0.9762696397907134,0.969562689529225,0.7272564439208123,1.8365778003329776,1.3552039700107794,0.941384086919056,0.9399210096889504,2.57343906665021,1.6041942110138068,0.9179156107906088,1.116015483927635,3.2431967079098496,1.8008877555000058,0.8966140694811123,1.4105011942735195,4.678406969379666,2.16296254460859,0.8510391611044741,1.6912300051486242,6.3177269912825365,2.5135089001796938,0.7990791351729164
Strand Street Great,46,53.34708000000001,-6.264192,STRAND STREET GREAT,,,,,,,,,,,,,,,,,,,,,,,,,,,,,
Herbert Street,47,53.33574300000001,-6.24551,HERBERT STREET,0.191167822,0.533408341,0.730348096,0.976123559,0.8684634459999999,0.2736239446608946,0.6553027078329325,0.8095076947336156,0.9602062210807892,0.4802476593641735,1.3878742792682024,1.1780807609277908,0.9157757578749603,0.6660837474551133,2.147677798842098,1.4654957519017575,0.869752106254525,0.8328936222097032,2.886635398049476,1.6990101229979402,0.8250520112394759,1.1178145618873567,4.306504874522581,2.0752120071266407,0.7393393848596741,1.3510875027029678,5.618682641913292,2.370376054956954,0.6603575788670963
Excise Walk,48,53.34777800000001,-6.244239,EXCISE WALK,0.48408088,1.653693685,1.285960219,0.97109532,0.710962627,0.6490021938355675,1.1600024996575529,1.0770341218631625,0.9589344461813772,1.026404013156664,2.4816247464046146,1.5753173478396707,0.9122841642357334,1.32353172451582,3.80850005245734,1.9515378685686169,0.8655942129884286,1.537594176495502,5.180163720839008,2.2759973024674283,0.8174723907333954,1.9064385825721424,8.029060179075362,2.8335596304075485,0.7179741979397304,2.3257138927238588,11.341855142412793,3.367767085534983,0.602860469641786
Guild Street,49,53.347931,-6.240928,GUILD STREET,0.539617586,2.226281817,1.492072993,0.971957731,0.700450615,0.6996131401426002,1.8323069050343268,1.353627313936272,0.9633277606929506,1.0313412108775786,3.497867416003119,1.8702586494929299,0.9299258117399648,1.2803246126217598,5.1097544036441285,2.2604765877230686,0.8975348372402873,1.5069807186895543,6.793761833614623,2.606484573830166,0.8636315120581777,1.8727944927448281,10.15424605649794,3.186572775961337,0.7957675552859402,2.156274969838574,12.844026820835486,3.5838564174413414,0.7411330927129276
George's Lane,50,53.35023100000001,-6.279696,GEORGES LANE,0.623642235,2.152118603,1.467010089,0.980491053,0.645953616,0.9588054877754364,2.4905039109171834,1.5781330460126557,0.9687754406148044,1.497975057928923,5.609337961703128,2.3684040959479717,0.9297512216086364,1.9176031171426928,8.71760327012728,2.9525587665831954,0.8909458590027968,2.2937332477069803,11.956025328193428,3.4577485923926607,0.8506003456904988,2.958472815643997,18.69303575819813,4.3235443513624485,0.7669347803057189,3.4786731080813396,24.107188450192922,4.909907173276591,0.7000986990316145
York Street West,51,53.339333,-6.264699,YORK STREET WEST,0.32515008300000003,0.981479116,0.990696278,0.982246924,0.790547963,0.4599122876177178,0.9530193302061506,0.9762270894654329,0.9812970758445402,0.7297571989173134,1.9300859273306312,1.3892753245237717,0.9621869729013968,0.9381710031402746,2.755058906341948,1.65983701198098,0.9461170435244752,1.1075850535198084,3.5350201828600936,1.880164935015036,0.9309812841510968,1.3988027098162807,5.309269750615802,2.304185268292418,0.8966965518036899,1.6385832812796643,7.1647284023172615,2.676701029685097,0.8610752422082409
York Street East,52,53.338757,-6.262003,YORK STREET EAST,0.488976301,1.967123155,1.402541677,0.968686677,0.733245921,0.6250821498125754,1.7354829921499788,1.3173773157869308,0.9701554096256828,1.0092695198872323,3.485970359945638,1.8670753492951584,0.9399412544573194,1.3325478669546278,5.409380622873347,2.3258075205986732,0.9066278779606652,1.5635969564298706,7.073376290729617,2.6595819766891218,0.8776726656153667,2.033672742153917,10.800554767095964,3.2864197490728366,0.8124887754931981,2.4140101906789755,14.554358170672279,3.8150174535213175,0.7463119324663898
Newman House,53,53.337132,-6.2605900000000005,NEWMAN HOUSE,0.176238371,0.676514961,0.822505295,0.982300243,0.8915262759999999,0.17918364612018362,0.3486869648227011,0.5904972183022551,0.97807871120156,0.3285637868872814,0.7289526201924678,0.8537872218489029,0.9542191478425376,0.4637924019115781,1.1816666685606756,1.0870449248125285,0.92586321592447,0.5855634654110203,1.624255121848725,1.274462679661011,0.8982001401082087,0.7666986865643101,2.5631567268150945,1.600986173211716,0.8396841576946664,0.9419455328355659,3.7345146649565937,1.9324892405797744,0.766899179985065
Clonmel Street,54,53.336021,-6.2629800000000015,CLONMEL STREET,0.162555889,0.392350022,0.626378497,0.981754294,0.882204098,0.29334947900843705,0.43300105983336695,0.6580281603650158,0.9271090793243904,0.479346488897246,0.8157378609534849,0.9031820751949658,0.8629081090428775,0.6417227875047901,1.1611806817829673,1.0775809397826999,0.8051787085257942,0.7626608279293108,1.5512727410835925,1.2455010000331563,0.7401641685619388,0.9586632117262844,2.2192459749373223,1.4897133868423558,0.6295230328717042,1.132579852299313,2.7779219287567267,1.6667099113993191,0.5378150184166544
Hatch Street,55,53.33403000000001,-6.260714,HATCH STREET,0.12374732,0.384952884,0.620445714,0.981691149,0.915366206,0.09350276917181707,0.09947337160044087,0.3153939942364802,0.9908396558824064,0.16917438619222125,0.1857624000316342,0.4310016241635688,0.982795557820106,0.23780292982899826,0.29092991232171017,0.539379191591324,0.9728991228646944,0.2888496676320056,0.37282744457752254,0.6105959749110066,0.9650658586144434,0.3936893580228295,0.5759608669879661,0.7589208568671479,0.9453817749174318,0.4743038029587091,0.7645507699129662,0.8743859387667245,0.9265989616969736
Mount Street Lower,56,53.337959,-6.24153,MOUNT STREET LOWER,0.60574419,2.300776309,1.516831009,0.956559302,0.669609861,0.772578038917077,1.923126904623316,1.386768511548815,0.899581665257218,1.1917246280924418,3.721356948205591,1.9290818925607047,0.8054765560250282,1.5150613304505136,5.4455543365204795,2.3335711552297864,0.7150394927648841,1.7675597267626746,7.035312874748155,2.65241642182146,0.6314431931811344,2.179763878760645,10.21835858707861,3.1966167407242634,0.4634888021716396,2.555343065978592,13.645010744073572,3.693915367746474,0.2819163956098175
Grattan Street,57,53.33963000000001,-6.243778,GRATTAN STREET,0.224144879,0.5095209310000001,0.7138073490000001,0.981360967,0.838421238,0.31151102623413945,0.4361739019612533,0.660434631103831,0.9572024585999764,0.5108567842572175,0.8438697883636229,0.9186238557557838,0.9172921996712056,0.6512022848412441,1.268576356499934,1.1263109501820243,0.8758063717482308,0.7744351352369028,1.7002879742385508,1.3039509094435078,0.833728949459001,0.991280041473626,2.5783148480090716,1.6057131898346828,0.7484337460409971,1.1521612964215715,3.2157787579608197,1.7932592556462157,0.6869425530323183
Sir Patrick's Dun,58,53.339218,-6.240642,SIR PATRICK DUN'S,0.581090323,2.425406673,1.55737172,0.96914636,0.686654291,0.7545656072090443,1.9791299001320863,1.4068155174478587,0.9690922357071958,1.1388550653911298,4.110299995843674,2.0273874804397094,0.935832956261608,1.4904613203382406,6.39102707602494,2.528048076288293,0.900263067941145,1.7639854268802992,8.62838884431789,2.9374119296274888,0.865394275903285,2.239037519577932,12.973742112141124,3.601908121002134,0.7977441913289881,2.632535765821085,16.712439667198122,4.08808508561137,0.7396339980086541
Denmark Street Great,59,53.35561,-6.2613970000000005,DENMARK STREET GREAT,0.272529034,0.666021463,0.81610138,0.969023288,0.810212182,0.4403523498536232,0.8881355747741282,0.9424094517640028,0.943532431870293,0.7611811235888174,1.9066868318943224,1.3808283136923003,0.8789805844144174,0.9700063509949374,2.714744369822476,1.6476481328919943,0.8279878141875101,1.1577244189662537,3.511346948865817,1.8738588390980304,0.7778955166376424,1.4802150613368563,5.099697124869468,2.2582508994506054,0.6785372008652921,1.6815989107862448,6.2054913756605545,2.491082370308247,0.6101836111842895
North Circular Road,60,53.359623,-6.2603480000000005,NORTH CIRCULAR ROAD,,,,,,,,,,,,,,,,,,,,,,,,,,,,,
Hardwicke Place,61,53.357044,-6.263232,HARDWICKE PLACE,0.33565463,1.445640264,1.202347813,0.954991982,0.8041832040000001,0.4750896493812973,1.5648842629930448,1.2509533416530951,0.92022379415114,0.8355990097142536,3.321079238499418,1.8223828463029983,0.8306073196352808,1.1198028902596802,4.9035636943413285,2.214399172313187,0.7497605346232061,1.362352222556512,6.367314997671006,2.5233539184329663,0.6748877922239953,1.7846684617564472,9.282973426298591,3.0467972407593176,0.5254922654792566,2.086839232350094,11.66042853334541,3.414736964005487,0.4032835058704275
Lime Street,62,53.346027,-6.243576,LIME STREET,0.225087984,0.6158873810000001,0.7847849259999999,0.975730484,0.846933132,0.2639576864571476,0.38747231456326026,0.6224727420243077,0.9356160150760257,0.4266680587818774,0.7072381047625224,0.8409744970940096,0.8821265055255959,0.5738818046066342,1.0449027386817682,1.0222048418403076,0.8253150181885621,0.6768510381450071,1.3140271922946332,1.1463102513258063,0.779641733921056,0.8757515424399431,1.8589447748352912,1.3634312504982755,0.6862878615944059,1.0376628293775259,2.393652112413083,1.5471432100529943,0.593432145586817
Fenian Street,63,53.341427,-6.24672,FENIAN STREET,0.30069199,0.930253398,0.964496448,0.97692865,0.804351073,0.3459810371592324,0.6908226860760838,0.8311574375989689,0.9381449460525704,0.5840197603787624,1.3674353950895346,1.1693739329613666,0.8772671307250587,0.7400986839540772,1.7983224571306435,1.3410154574540307,0.8381995886142463,0.8510005374177962,2.278373467346377,1.5094281921795345,0.7945019830263307,1.1059781090487248,3.161483233602614,1.7780560265645775,0.7134148450576678,1.2748531272591712,3.8418884262567814,1.9600735767457251,0.649941591768442
Sandwith Street,64,53.34520300000001,-6.247163,SANDWITH STREET,0.429492564,1.7445278919999998,1.320805774,0.969464533,0.755422699,0.5912099196492919,1.8790957471442655,1.3708011333319892,0.9624865028681407,1.0013968322893465,4.033829944739013,2.0084396791387618,0.9194333221102248,1.3259130502734329,6.148688976306214,2.4796550115502383,0.8771362529601308,1.6076748219182837,8.123780525417724,2.850224644728504,0.8375921752407931,1.989973762828028,11.48824073576308,3.389430739189559,0.7701047060843751,2.383640926259704,14.664971481580178,3.8294871042451857,0.7062331278921228
Convention Centre,65,53.347439,-6.238523000000002,CONVENTION CENTRE,0.272476994,0.863825231,0.929421988,0.979170908,0.82951388,0.399043541873113,0.7582753415870411,0.8707900674600286,0.9136844882891968,0.6430850682309397,1.6068430536808465,1.2676131324977848,0.8172082674455446,0.8701674120285676,2.594826296608537,1.6108464534549956,0.7050058333076468,1.0611928970703115,3.634142588504518,1.9063427258770964,0.5871141166287432,1.3349108492062722,5.5402395845910535,2.3537713535071867,0.3713554057886807,1.5928156726842295,7.2025230503836015,2.6837516745003813,0.1837681452349057
New Central Bank,66,53.347122,-6.234749,NEW CENTRAL BANK,0.5684517139999999,2.21218911,1.48734297,0.956421294,0.6862847609999999,0.7702254227405999,1.602384379780131,1.2658532220522771,0.9513581872120442,1.1560476181744657,3.186945593845649,1.7852018356044923,0.9032307007619924,1.4221591404302691,4.698574298777394,2.1676195004606766,0.8572906391675725,1.6849816147887833,6.230089674216565,2.496014758413212,0.8107187343649527,2.037494184296793,8.918058943507,2.986311930041301,0.7288881923596656,2.398310679897839,11.884286299210832,3.4473593226135897,0.6384814023978065
The Point,67,53.346867,-6.230852,THE POINT,0.5802926829999999,2.521609756,1.587957731,0.967475389,0.687634146,0.7266194877951099,2.4230641985708368,1.5566194777693219,0.9570922741753832,1.1296956093475017,4.364066222774193,2.0890347586323674,0.9226755970395241,1.4428441882729377,6.216923751696865,2.493375974797396,0.8897800955375395,1.6946797442682369,8.199542373342524,2.863484306459968,0.8545418770836415,2.149561506587328,12.599043350536805,3.549513114574561,0.7762166480861911,2.6050032029108268,17.18923924570083,4.1459907435618835,0.6942912753962268
Hanover Quay,68,53.34411600000001,-6.237153,HANOVER QUAY,0.661324865,2.707062502,1.64531532,0.969526834,0.658100091,0.9019134885988036,2.87447784183896,1.695428512748019,0.8891829614583183,1.3753373872995114,5.888403889243556,2.426603364632044,0.7716712157966702,1.7204371054016356,8.666392077106924,2.943873651688693,0.6619725522254735,2.080103012552195,11.786645608976345,3.4331684504224875,0.537522952717691,2.5888726152249744,16.794362660562037,4.098092563688873,0.3329685002013866,2.9703975010082817,20.794212032952622,4.560067108382575,0.16370372337744754
Grand Canal Dock,69,53.342636,-6.238695,GRAND CANAL DOCK,0.96471365,4.622805302,2.150070999,0.958895502,0.556071795,1.1987801965094635,3.526395645878778,1.8778699757647699,0.9498545391024048,1.841535383316036,7.429639921168867,2.7257365832319285,0.8945169377578793,2.2745406074956724,11.124094126721943,3.3352802171214857,0.8423140753466786,2.660218033927477,14.894727879716955,3.859368844735749,0.7891987926241366,3.4182525037617886,22.90897382342097,4.786331980067928,0.6768029084542437,4.0107655352365486,30.77066954589188,5.547131650311887,0.5672712551858972
Barrow Street,70,53.34165600000001,-6.236198,BARROW STREET,,,,,,,,,,,,,,,,,,,,,,,,,,,,,
Kevin Street,71,53.337757,-6.267699,KEVIN STREET,0.418022404,1.02282606,1.011348634,0.972624731,0.725714712,0.6097416938732213,1.3802417926865118,1.1748369217412735,0.9774276256057332,0.9946763580680782,3.2240944035188197,1.7955763429937528,0.9473647182804136,1.246081567141455,4.86976927101107,2.2067553718097237,0.9206360253157886,1.5144175136397666,6.665186014341358,2.5817021544596037,0.8915644190740365,2.002758693344215,10.408747253914694,3.226259018416638,0.8312502774879488,2.4295836155918016,14.044961948591045,3.747660863604263,0.7730945451353142
John Street West,72,53.343105,-6.277167,JOHN STREET WEST,0.497806697,1.729614466,1.315148078,0.96533895,0.7087293459999999,0.7435594046251798,2.0583223340585803,1.4346854477754283,0.9655939009296672,1.1373753724869926,4.178654384641422,2.0441757225447668,0.9302727445641942,1.478032669046404,6.073893676799142,2.4645270696016186,0.8988243377272183,1.7688358175865455,8.102972619633379,2.846572082283071,0.8652605808115355,2.2992786421633524,12.130917766031587,3.4829467073200515,0.7989876088677603,2.7710338149249694,16.09009662867453,4.011246268764177,0.7343184794011344
Francis Street,73,53.34207900000001,-6.275233,FRANCIS STREET,0.467154739,1.342895563,1.158833708,0.969249305,0.708177698,0.6576952715819049,1.7254154246764548,1.3135506936073895,0.9440961495856444,1.0763887637913914,3.471557054981885,1.86321148960119,0.8876585798824828,1.4257063234647829,5.322187340445159,2.306986636382005,0.8279823957701902,1.7590616011335622,7.242489330467549,2.6911873458508144,0.7662038718496982,2.314919161678497,11.361680703172814,3.370709228511533,0.6341321936962314,2.7549552317603396,15.238164172025629,3.903609121316532,0.5105089508908065
Oliver Bond Street,74,53.343891000000006,-6.280531,OLIVER BOND STREET,0.414643057,1.271890299,1.12778114,0.974381223,0.738899579,0.4756267234407852,0.939904428333458,0.9694866829067113,0.9421897884609196,0.7600717381640556,1.8222631881594245,1.3499122890615614,0.8880671989482922,0.9722900555541576,2.655535191650966,1.6295812933545128,0.8370992330099124,1.1689785787118374,3.482653754971304,1.8661869560607545,0.7866436584671791,1.544611416732326,5.373099463687068,2.3179947074329292,0.6717031736214768,1.8743308371444385,7.398721763748075,2.720059147104723,0.5491390670981489
James Street,75,53.343456,-6.2874089999999985,JAMES STREET,0.410638351,1.298212021,1.139391075,0.977199875,0.7422723990000001,0.6655206723146829,1.8942218883612485,1.3763073379014037,0.9143895226553536,1.0606061138961154,4.104292914938643,2.025905455577492,0.8143617045817797,1.3925845892207844,6.190761403793363,2.4881240732313503,0.7197718999440164,1.6417170237162677,8.057477247669235,2.838569577739681,0.6349852706866288,2.0280145647140446,11.049957222801986,3.3241475934142857,0.4986103212270492,2.3056211656854577,13.50897592414432,3.6754558797711496,0.3860081485938411
Market Street South,76,53.342297,-6.287661,MARKET STREET SOUTH,0.364316504,1.5269286030000002,1.235689525,0.973541766,0.784372987,0.4118355843002234,1.5980632603024556,1.264145268670676,0.9615565527479778,0.7424753546628345,3.45198196766427,1.8579510132574188,0.9171020795028806,1.0516438314284913,5.381181555569503,2.3197373893545588,0.8709974737614794,1.3068947614846078,7.117858493242826,2.6679315008528284,0.8296610135003537,1.7828171497353895,10.493381244504985,3.239348892062259,0.7497555345967866,2.2026712343403947,13.887131271295946,3.72654414589388,0.6699797553554032
Wolfe Tone Street,77,53.348873,-6.267459,WOLFE TONE STREET,0.500340948,1.844649554,1.358178764,0.972701956,0.7152598509999999,0.9114616585760889,2.9877027011148933,1.7284972378094483,0.9561699978774678,1.40494231788151,5.8226023793539285,2.413006916557416,0.9143985929039908,1.7373102009369894,8.139819730051062,2.8530369310703048,0.8800723337450707,2.020104155618574,10.405274351792304,3.2257207491957987,0.8463578866105579,2.4831452296725107,14.506013911585956,3.8086761363478985,0.7848488563388994,2.874991932553588,18.227964493672985,4.269422032743189,0.7284063086920061
Mater Hospital,78,53.359966,-6.264828,MATER HOSPITAL,0.494398731,1.5287003069999998,1.2364062059999998,0.97803545,0.695895707,0.709434690211847,1.5877250271243788,1.260049612961481,0.9740166696368672,1.1052262703644904,3.6023219601066545,1.897978387681655,0.9411194233038476,1.4188462503984616,5.553433034294375,2.356572306188456,0.9093389671816504,1.6570771028745723,7.2976436903922,2.7014151273716154,0.8810098639221182,2.1703176588302417,11.132577738200336,3.3365517736430133,0.8189238792504984,2.6433118684625,15.211877735046926,3.900240727832953,0.753178049040951
Eccles Street East,79,53.358116,-6.265601,ECCLES STREET EAST,0.261505355,0.97466621,0.987251847,0.973598478,0.8456008220000001,0.33750712975828484,0.8431525763819046,0.9182333997311928,0.926090055410782,0.6051755154081012,1.8822855268557817,1.3719641128162872,0.8351632594799758,0.824377685026325,2.9009187841476387,1.7032083795436304,0.7462091441747136,1.01288960628213,3.807277591804824,1.951224638990812,0.6672432249262272,1.3045130536485,5.4298282259788495,2.33019918161063,0.5263662543344167,1.5414461427459722,6.884294886650682,2.6237939870825766,0.4006775238535385
St James Hospital (Luas),80,53.34135799999999,-6.292951,ST JAMES HOSPITAL (LUAS),0.468158898,2.397023736,1.548232456,0.964925811,0.762095683,0.736666585976932,2.6985922328064906,1.6427392467480928,0.9537048076814058,1.2990662964568962,6.657637339968924,2.580239783424968,0.8858575210129648,1.848392972560412,11.675163054138002,3.41689377273248,0.7999587418355166,2.3054207604436066,16.964790654498564,4.1188336522004105,0.709507106640272,3.1368087109837437,27.71128859459923,5.264151270109859,0.5260775002302768,3.831000369057709,37.62206283923384,6.133682649048111,0.3573704975176953
St. James Hospital (Central),81,53.339985,-6.295594,ST. JAMES HOSPITAL (CENTRAL),0.218966816,1.066130119,1.032535771,0.981836229,0.8681758709999999,0.3250723842590218,1.386439228579298,1.1774715404540774,0.9658282701560195,0.5822894098972794,3.131930026632796,1.7697259750121757,0.9227685420608711,0.8303509182851754,5.129696109239629,2.2648832440635056,0.8734406803433173,1.0749590981091677,7.297636249138901,2.70141375008326,0.8198603487511834,1.5354538421241966,12.075692301760252,3.4750096836930187,0.7015981885242981,1.9820690580346343,17.010297741769843,4.124354221180552,0.5791944949418606
Mount Brown,82,53.341644,-6.2971900000000005,MOUNT BROWN,0.220188425,0.44634773,0.668092606,0.986890525,0.840792855,0.3879490676789616,0.6324952487122033,0.7952956989146888,0.9657888710414152,0.6607682403132605,1.357164051855293,1.1649738417043076,0.9267105537493208,0.9227728781023656,2.242793791959192,1.497596004254549,0.8790805195384128,1.1224736655380705,3.087707730109764,1.7571874487685608,0.8337966306250549,1.4450717368895898,4.975067243950517,2.2304858762051185,0.7330729211981004,1.7177536469271193,6.693060075934238,2.587094910499852,0.6420652147205421
Emmet Road,83,53.340714,-6.308191000000001,EMMET ROAD,0.427730802,1.486327449,1.219150298,0.980194899,0.745166395,0.5734781596348207,1.4783586753589049,1.215877738655867,0.9852424730861491,0.9469983116473768,3.1819002572951374,1.7837881761283032,0.968283277110252,1.2703598512727357,4.946873050067465,2.2241567053756497,0.9507620868855172,1.5527410917040754,6.655165883778187,2.5797608191028463,0.9338554552714924,2.0942733381462992,10.375969790563136,3.2211752188546243,0.8971761573021354,2.5692254955514304,14.402845889212019,3.7951081525052768,0.8576884991236997
Brookfield Road,84,53.33900500000001,-6.300217,BROOKFIELD ROAD,0.34669167799999995,0.994031378,0.997011223,0.97940445,0.774556617,0.4220022582558568,0.6612032529948001,0.8131440542700905,0.964884560550646,0.6918029048534342,1.4537996607448007,1.2057361488919542,0.9227457520714554,0.9181850670169452,2.269856030176326,1.506604138510288,0.87930886355805,1.1179503930128392,3.054262672123345,1.7476448930269972,0.8375022557155998,1.4721183290151216,4.777019090395539,2.1856392864321275,0.7455281220312073,1.8229348330430089,6.701938672091282,2.588810281208587,0.6425261595390155
Rothe Abbey,85,53.338776,-6.30395,ROTHE ABBEY,0.337726605,1.105193533,1.051281852,0.981824065,0.79167075,0.5131489682710341,1.5403217795339381,1.241097006496244,0.9512715628270296,0.8520503195062328,3.1818731220660323,1.7837805700438696,0.8995071045918197,1.116940339950662,4.923874853823202,2.218980588879317,0.8447470725689106,1.339292535399309,6.452398141349509,2.5401571095799387,0.7968891838330687,1.7627562627880828,9.525524821233626,3.086344896675293,0.7011485059787521,2.196674385378792,13.574716132321155,3.684388162547637,0.5755299039369395
Parkgate Street,86,53.347973,-6.291804,PARKGATE STREET,0.482359285,1.493554848,1.222110817,0.970806622,0.715899753,0.4399406318132648,0.6985706094463118,0.8358053657678394,0.952152410528362,0.6956804803609232,1.4467864137537725,1.2028243486701509,0.9009907129823465,0.8911385482685712,2.1644037007700274,1.4711912522748454,0.8520101711916293,1.0999193166687802,2.9641018009258087,1.7216567024020233,0.7975074073538861,1.3907853499444454,4.507619330898948,2.12311547752329,0.6925962599599451,1.5731468888474855,6.127189503936175,2.4753160412230546,0.5828708483889657
Collins Barracks Museum,87,53.34747700000001,-6.28525,COLLINS BARRACKS MUSEUM,0.371253339,0.991740034,0.995861453,0.979239695,0.754105253,0.5101696417292829,0.8752455248115062,0.9355455760204876,0.9566809051232676,0.8249978212991692,1.9170039920732191,1.3845591327470341,0.9052846846427406,1.0664998280206857,2.9320562065760236,1.7123247958772378,0.8553841495888117,1.260803306395952,3.7338660983363754,1.9323214272828355,0.8161568527320936,1.6405490855193057,5.674625781502449,2.3821473047447017,0.7215724599110593,1.9905514411407628,7.647230811630435,2.7653626907930966,0.6260959886573874
Blackhall Place,88,53.348801,-6.281637,BLACKHALL PLACE,0.416493026,1.086853137,1.042522487,0.982540517,0.7322334709999999,0.7114440449121975,1.4892992952250381,1.2203685079618525,0.9746573839313998,1.161841459789546,3.1574929760317207,1.7769335879631858,0.9462795753702,1.5130352852954831,5.150992672199228,2.2695798448609885,0.9123770823498152,1.8334187453102309,7.3575681019680275,2.712483751466177,0.8748609145733045,2.3510455015041383,12.019443873504525,3.4669069606068934,0.79563172055748,2.838687943363292,16.736905774737068,4.091076358947247,0.7154990709696634
Fitzwilliam Square East,89,53.335213,-6.2509,FITZWILLIAM SQUARE EAST,0.209402776,0.638045541,0.7987775290000001,0.982976147,0.867347448,0.282209964705224,0.5879780996675632,0.766797300247962,0.9698038058954902,0.5043929151972717,1.4970920458961692,1.223557128170225,0.9231517817256756,0.6952402578796913,2.6050735052187477,1.6140240101122247,0.866340193695663,0.8917420773149709,3.8175670548952665,1.9538595279331796,0.8042217763850079,1.2345942445792617,6.276747028047142,2.505343694595044,0.6784044149382563,1.4973635114799346,8.410089658242555,2.9000154582764823,0.5694939344790271
Benson Street,90,53.344154,-6.2334510000000005,BENSON STREET,0.3764292,1.278301294,1.130619872,0.97278189,0.7743686390000001,0.4824779422322056,1.0855124796202271,1.0418793018484565,0.955955512486134,0.7649996386593599,2.2208396625223856,1.490248188229862,0.9100139510078481,1.0113034286869895,3.3719705705074197,1.8362926157090047,0.8635598210461526,1.194577406785612,4.294567704893431,2.072333878720664,0.8264687195432072,1.5475741367980764,6.603239889682037,2.569677001041578,0.7339196068141205,1.801117099806191,8.626361836148549,2.9370668763493537,0.65336047244578
South Dock Road,91,53.341831000000006,-6.2312910000000015,SOUTH DOCK ROAD,0.576398878,1.953358527,1.397626033,0.964258778,0.668462758,0.7936013185376082,1.7699765276875667,1.3304046481005571,0.970407598982756,1.122548454566211,3.2708837908939667,1.8085584842337743,0.9454001577947012,1.4216096291172218,4.967748448666254,2.228844644354167,0.9172060921841704,1.6724743136102138,6.586257192993005,2.5663704317562983,0.8904054606384381,2.0929306143354496,10.174851885645397,3.1898043647918906,0.8312289316202819,2.522213811269054,13.783332638142483,3.712591094928512,0.7721025288365858
Heuston Bridge (North),92,53.347801,-6.292432,HEUSTON BRIDGE (NORTH),0.485635847,1.915628983,1.384062493,0.98317346,0.7339690170000001,0.7075381118182901,1.5606229699928578,1.249248962374137,0.9779032602692008,1.1616040483783119,3.671935856233411,1.9162295938204823,0.9480631237788036,1.530862330430195,6.000781529735932,2.449649266677973,0.9152110889677291,1.8263913195183332,8.335652267935497,2.887152969264964,0.8823420420536985,2.426752739604073,13.077721991981337,3.616313314963367,0.8157893638637096,2.90294665542477,17.777075528727845,4.216286936242343,0.7501129565226546
Heuston Station (Central),93,53.346603,-6.296924,HEUSTON STATION (CENTRAL),0.084964149,0.589250094,0.767626273,0.982562141,0.966035905,0.11098873952628134,0.1964546286874484,0.4432320257917386,0.9783590464899568,0.20696752696931164,0.4183025668314527,0.6467631458512867,0.9537380602136256,0.2971571932035725,0.6674611503851783,0.8169829559942963,0.9258860315923774,0.3887553878384924,0.9660852308238236,0.9828963479552784,0.8922909429999282,0.5655219568106745,1.641480582331316,1.2812027873569882,0.8154707452109062,0.7353675190707398,2.388405500459565,1.5454466993266265,0.7292163188509266
Heuston Station (Car Park),94,53.346985,-6.297804,HEUSTON STATION (CAR PARK),0.044748956,0.321646505,0.567138876,0.986590778,0.980489241,0.03968560321548216,0.10971310037890282,0.33122967919391344,0.9826152395250808,0.07846214664861356,0.2232780682806455,0.4725230875636084,0.9641354103685468,0.11661499030279933,0.3370735144739508,0.5805803256001282,0.9450989816920304,0.15104189476767452,0.44775513661178656,0.6691450788967864,0.9260286968443476,0.21917469668533648,0.6697747122583335,0.8183976492258109,0.8860543845812072,0.2802439795788721,0.882976600921574,0.9396683462379554,0.845100769850885
Royal Hospital,95,53.343899,-6.29706,ROYAL HOSPITAL,0.428153358,1.376927428,1.17342551,0.979671311,0.7390010570000001,0.6852316748322317,1.8348880231502789,1.354580386374422,0.9697895500155688,1.1268462357632545,4.2307299858291385,2.056873838092443,0.9302000951508184,1.5105506334629224,6.7580609339666475,2.59962707594121,0.8882714244976679,1.8236993666554604,9.24769185149507,3.041001784197942,0.8467893242504514,2.3326678680842847,13.663488864679715,3.6964156780156254,0.7726591134293809,2.7593615774133093,17.943345790051094,4.235958662457779,0.7001355957225164
Kilmainham Lane,96,53.34180500000001,-6.305085,KILMAINHAM LANE,0.16309797199999998,0.444395051,0.66662962,0.988537191,0.8877775309999999,0.27216204378533604,0.5694046484861385,0.7545890593469656,0.9759678121493351,0.4888418777591717,1.2158229953727484,1.1026436393380905,0.9486728684579968,0.6637133898992723,1.8489522660965758,1.3597618416827912,0.9219253438101851,0.8297806105184357,2.5448869502668168,1.5952701809620893,0.8925109923621858,1.1078423321333457,3.937889313954625,1.9844115787695416,0.8335852271564923,1.3616278220488192,5.3494885347514805,2.312896135746584,0.7738025842348151
Kilmainham Gaol,97,53.342113,-6.310015,KILMAINHAM GAOL,0.5025321389999999,2.09534476,1.447530573,0.978031594,0.7246542659999999,0.6731015224512734,2.15283192549653,1.467253190658153,0.982917737569083,1.1095076548432938,4.359768836544371,2.0880059474398944,0.9653558567857028,1.4591609283824365,6.382093798058996,2.526280625357958,0.9492111201997938,1.7903957974877078,8.560228339780362,2.925786789870438,0.9317758745768752,2.355460259431424,13.852753004832401,3.721928667348744,0.8892591818045339,2.9572815928965497,20.08571941754766,4.481709430289704,0.8389311389707975
Frederick Street South,98,53.341515,-6.256853,FREDERICK STREET SOUTH,0.215409006,0.7514255759999999,0.86684807,0.986680056,0.865267088,0.3163755464078451,1.0536155338571336,1.026457760386239,0.9838581520336912,0.5098942151956911,2.156576925497128,1.468528830325482,0.9668863659542244,0.6923747335884801,3.2329167382988957,1.7980313507552907,0.9502470482357344,0.851516858933224,4.359463194370542,2.0879327561898497,0.932756302963669,1.1672066227272817,6.722700995209388,2.592817192786524,0.8958194002107203,1.4769257481701434,9.283694765217033,3.0469156150469665,0.8554435348122735
City Quay,99,53.346638,-6.246154,CITY QUAY,0.204527082,0.522079628,0.7225507790000001,0.977053132,0.85650768,0.3211871511942145,0.5456767763335189,0.7386993815710955,0.9800915556331252,0.5402989337219033,1.0775881905261593,1.0380694536138508,0.9607490019843544,0.7182028145662458,1.5389713052382596,1.2405528224296858,0.9440341250161352,0.860260337797951,2.0452610690142974,1.4301262423346752,0.925743360961822,1.0709618350795764,2.8844678003534847,1.6983721030308656,0.8956154225255959,1.2839243738673418,3.8471565616335632,1.9614169780119584,0.8612317764122629
Heuston Bridge (South),100,53.347107,-6.292041,HEUSTON BRIDGE (SOUTH),0.459247649,2.050352665,1.431905257,0.962665344,0.767510776,0.5672153039364022,1.1310312477459494,1.0634995287944182,0.9720263260244408,0.8996636402540157,2.5515703505913843,1.5973635624338576,0.9369169021738044,1.2027224696233592,4.5180986132849,2.125581946970029,0.8883411226684799,1.4799624006882883,6.775320526577091,2.6029445876885453,0.8326209779931701,1.9729463781961816,11.794677393858562,3.4343379848026836,0.7088416819082023,2.4783877291922005,17.813106847407244,4.220557646497348,0.5605988993412416
King Street North,101,53.350292,-6.273507,KING STREET NORTH,0.421828044,1.020816536,1.010354658,0.982277412,0.718268221,0.6900504584134848,1.4082626405386591,1.186702422909239,0.9687002782697952,1.0570209346952706,2.787208096282796,1.669493365150876,0.9377229515758996,1.3578569232219484,4.362900786673595,2.088755798716929,0.9019907824465394,1.6638880244038217,6.167982991422836,2.4835424279490046,0.8606844942123331,2.19325341887466,9.62381883417035,3.1022280435471457,0.7801984091043842,2.730585321152771,13.762399949418722,3.7097708755957854,0.6820643643807653
Western Way,102,53.35493100000001,-6.269425,WESTERN WAY,0.286291705,1.271103817,1.1274323999999998,0.964424137,0.836436235,0.3493380171116936,1.6366896939302649,1.2793317372481092,0.9470428739588074,0.6457803555336973,3.4124327633904032,1.847277121438579,0.8897724637359954,0.9126933081593837,5.2017989165379115,2.2807452546345264,0.8322562835366368,1.1513091835927995,6.9860742117502355,2.6431182742643653,0.7750990128288024,1.6127460207697066,10.954219806393946,3.309715970652761,0.6485473513464525,2.0130157874026318,14.879135767434216,3.857348281842621,0.5242429004783475
Grangegorman Lower (South),103,53.354664,-6.278681,GRANGEGORMAN LOWER (SOUTH),0.15024216699999998,0.418849461,0.647185801,0.984271977,0.898808935,0.2634316218849606,0.6240300867663816,0.7899557498786762,0.9585059342166173,0.4399615014203041,1.1531059202792635,1.0738276958056463,0.923391897085395,0.5900642268957931,1.9020739581121473,1.379156973702467,0.8737421768229263,0.739225755485269,2.633221006704111,1.622720249058386,0.8253599065088841,0.9818307224622355,3.832535885625137,1.9576863603818506,0.7462561899433399,1.1614362752376182,4.7062204252605,2.1693824986065735,0.6889461570131983
Grangegorman Lower (Central),104,53.355171,-6.278424,GRANGEGORMAN LOWER (CENTRAL),0.117122429,0.42807302,0.654272894,0.984525238,0.929682317,0.14471748115186617,0.3344268373588907,0.5782964960631274,0.9830986514212796,0.24615160988079707,0.6639384346620285,0.814824174078082,0.9665033862774017,0.3590333063318067,1.0148647963275845,1.007404981289841,0.948886825647795,0.4503168794847414,1.3350293489971041,1.1554347013124993,0.9328778656706327,0.6159842196422499,1.9654512528703638,1.4019455242163883,0.9015232094047949,0.7568402389981325,2.492301327290789,1.5787024188525174,0.8755589684049002
Grangegorman Lower (North),105,53.355953,-6.278378,GRANGEGORMAN LOWER (NORTH),0.141186544,0.400269113,0.632668249,0.988555782,0.902238532,0.2145322873771379,0.5222922582662736,0.7226979024919565,0.968838096526432,0.39405121993974657,1.1139770405224438,1.055451107594494,0.9336510903413171,0.5454196866587631,1.7002142636551236,1.3039226448126144,0.8989102647223126,0.6735775178740577,2.2990362584946085,1.51625731935401,0.8635436449502879,0.906949020161562,3.52770452909847,1.878218445521838,0.7913466900856525,1.1215596510186423,4.727632468367035,2.174311952863948,0.7213515638819844
Rathdown Road,106,53.358929,-6.280337,RATHDOWN ROAD,0.288114864,1.419343003,1.191361827,0.970402531,0.843798156,0.3799709933681883,1.3754850375619778,1.1728107424311809,0.9646095074352272,0.6587704063602513,3.424184774180674,1.8504552883495116,0.9120216067671988,0.9195766371976811,5.233947099314231,2.2877821354565717,0.8657125294763366,1.148840713800677,6.8203463267947795,2.611579278290203,0.8252572547858097,1.5302471443354915,9.74231876991513,3.1212687756608095,0.7510994403773844,1.9063840183505354,12.784094469651368,3.575485207583912,0.6743123970156917
Charleville Road,107,53.359158,-6.281866,CHARLEVILLE ROAD,0.427443554,1.873751783,1.368850534,0.967013856,0.7576614690000001,0.6920309626620317,2.794359833406285,1.6716338813885907,0.9185005825709351,1.1662896871270414,6.341599250003821,2.5182532140362337,0.8141586393093467,1.563053806621219,9.803156594437269,3.130999296460679,0.7113257097441215,1.9584810728944027,13.352120904271006,3.654055405199955,0.6048894072144981,2.576683509139635,19.637200176640228,4.431388064324792,0.4130710772130727,3.152255423028637,25.82139408093991,5.081475581063035,0.22027754954865875
Avondale Road,108,53.35940600000001,-6.276142,AVONDALE ROAD,0.362334802,1.3769701419999998,1.173443711,0.970021622,0.7837004409999999,0.5942486693320953,1.9601117382076827,1.4000399059339996,0.9539997743191293,0.971741582973664,4.008246558236193,2.0020605780635594,0.9060965489985371,1.271735383046409,5.7289691299351,2.393526504957716,0.8660168159371124,1.5672480307173349,7.616386162376004,2.7597800931190157,0.8221851014427694,2.0289607638349025,10.701756727104465,3.27135395931172,0.7510219404519197,2.36670904373816,13.246335659702435,3.639551573985789,0.6928975498570054
Buckingham Street Lower,109,53.353333,-6.249319,BUCKINGHAM STREET LOWER,0.359721746,1.032087395,1.015917022,0.981101993,0.7664723459999999,0.5484987059609301,1.088446401890096,1.043286347025636,0.9658556883791564,0.8989784117281212,2.465544603465405,1.5702052743082369,0.9227053732281135,1.1702307285922862,3.8086617309217994,1.951579291476982,0.8806740590142015,1.4210531547107152,5.150953500456695,2.269571215110179,0.8387212947838532,1.895737040258315,8.10149742829214,2.8463129533296474,0.7466555857299548,2.343278360912661,11.53109819266242,3.395747074306686,0.6398552315533449
Phibsborough Road,110,53.356308,-6.273717,PHIBSBOROUGH ROAD,0.413789697,1.487084506,1.219460744,0.968501501,0.758161703,0.4436449295004394,0.9944102553930818,0.9972012110868507,0.9745535340033465,0.751593203064039,1.9766878268568933,1.405947305860676,0.9494078798989929,0.9756945902371373,2.830848706663614,1.6825126170889815,0.927531778584848,1.1920384690866792,3.674098740652018,1.916793870151931,0.9059256568237121,1.5004973784564726,5.3008135716607105,2.302349576337336,0.8642150224899683,1.7413024597575808,7.014625102019561,2.6485137534133294,0.8202305005865951
Mountjoy Square East,111,53.35671600000001,-6.256359,MOUNTJOY SQUARE EAST,0.532024716,1.979179592,1.406833178,0.972191392,0.701888478,0.67600046647621,2.2323164001530507,1.4940938391389782,0.9773155144247353,1.1370756685327899,4.533937708364306,2.1293045128314327,0.9538591846999184,1.5404789463399007,6.694789290040469,2.587429088891224,0.931767512783589,1.8826480771396552,8.897996823185963,2.982951025944939,0.9091762868514088,2.5285315882482466,14.323801437433854,3.7846798328833384,0.8533454445471611,3.1311118074695603,19.974933256684196,4.469332529213305,0.7948428578403555
North Circular Road (O'Connell's),112,53.357841,-6.251557,NORTH CIRCULAR ROAD (O'CONNELL'S),0.6748088259999999,2.321586869,1.5236754469999998,0.968621894,0.633846379,0.9754303189450322,3.1064830238152448,1.7625217796711747,0.9585014511731521,1.5446125641792752,6.803345679644923,2.6083223879813864,0.9088929414967671,2.0723880043855214,11.08109536508147,3.3288279266254466,0.8512385190846399,2.5722911498967087,15.766274126390634,3.9706767844273894,0.7878084354021654,3.487420500029032,25.737411748318475,5.0732052736232225,0.6518343700671259,4.322735096462753,36.39438859602141,6.032776193098946,0.5050841756927802
Merrion Square South,113,53.338615,-6.248606,MERRION SQUARE SOUTH,0.178644501,0.483043478,0.6950132940000001,0.983515669,0.880306905,0.32624204661333883,0.7511077843664464,0.8666647473887734,0.9390375598415159,0.5730615433538516,1.558709651280919,1.2484829399238577,0.8730443862189745,0.7746935789140426,2.4049254254819887,1.5507821979510819,0.8034225592034908,0.9468757640624678,3.2929257806190146,1.8146420530283691,0.7298664972225373,1.2912706069725395,5.197460103403615,2.2797938730077365,0.5704883247385879,1.6068982646500405,7.1139357524946485,2.667196234343219,0.40767369800227127
Wilton Terrace (Park),114,53.333652,-6.248345,WILTON TERRACE (PARK),0.348436758,1.254292355,1.119951943,0.972329575,0.7934171390000001,0.5231544306233649,0.9021047885610389,0.9497919712026623,0.9679748320169658,0.8648095971422264,1.9487716395412684,1.3959841114931317,0.9307729123295614,1.1530740402722652,3.144468651750184,1.7732649694138165,0.8882241821264308,1.409624142850712,4.632200342078577,2.1522547112455293,0.8352299614659364,1.8693561529940261,7.847790925199853,2.8013908911824235,0.7204665851447324,2.322822997516927,11.298770151362197,3.3613643288644264,0.5969741425476403
Killarney Street,115,53.354843,-6.247579,KILLARNEY STREET,0.5928052979999999,1.997238447,1.413236869,0.969730068,0.66301718,0.7853987466672064,1.5795399039785625,1.2567974793014833,0.9662019142352454,1.2332498005124857,3.5422205872830936,1.882078794121833,0.924275500060914,1.5908338301515201,5.671533131366694,2.381498085526565,0.8788674643153079,1.9279751396366986,8.134323499943434,2.852073543922638,0.8264272602186793,2.5335263925452054,13.52922042260144,3.678208860655066,0.7118404487194572,3.1472810529642703,19.75139292251867,4.444253921921954,0.5800872230389993
Broadstone,116,53.354698,-6.272314,BROADSTONE,0.194881942,0.707795805,0.841306012,0.977785711,0.8741327,0.400782750842026,1.6663038921836097,1.2908539391362641,0.9217824043113523,0.6865919038994364,3.3521182619582417,1.8308790953960454,0.8427086851005039,0.923776810745698,5.073387535332394,2.252418152859809,0.762031123055644,1.1666055954768093,6.9202099860836,2.6306291996561586,0.6755261658247922,1.5675722196576718,10.372589054734664,3.2206504086495733,0.5140082092524005,1.8982259899683902,13.421383147676995,3.6635205946844347,0.3716134439419311
Hanover Quay East,117,53.34365500000001,-6.2317550000000015,HANOVER QUAY EAST,0.127879351,0.309678752,0.556487872,0.984807736,0.909539304,0.1725323346632307,0.25885800827052097,0.508780903995542,0.9670466483757063,0.28851689562670313,0.4941496498919546,0.7029577867069647,0.9370356727071408,0.3966734049791396,0.7445846397445469,0.8628931797995317,0.9050370848744204,0.49123788514757066,0.9454967933157681,0.9723665940969836,0.8792993020873785,0.6280008882876674,1.3309542147415325,1.1536698898478424,0.8297644667069302,0.7352775854647351,1.6379291122466921,1.2798160462530122,0.7900848137804353
